/home/toto/Tmp/f1,40,1636974960
/home/toto/Tmp/f2,708,1636974960
/home/toto/Tmp/f3,52,1636974960
/home/toto/Tmp/f1,52,1636975020
/home/toto/Tmp/f2,708,1636975020
/home/toto/Tmp/f3,56,1636975020
/home/toto/Tmp/f1,56,1636975080
/home/toto/Tmp/f2,708,1636975080
/home/toto/Tmp/f3,68,1636975080
/home/toto/Tmp/f1,64,1636975140
/home/toto/Tmp/f2,772,1636975140
/home/toto/Tmp/f3,132,1636975140
/home/toto/Tmp/f1,132,1636975200
/home/toto/Tmp/f2,772,1636975200
/home/toto/Tmp/f3,132,1636975200
/home/toto/Tmp/f1,132,1636975260
/home/toto/Tmp/f2,772,1636975260
/home/toto/Tmp/f3,132,1636975260
/home/toto/Tmp/f1,132,1636975320
/home/toto/Tmp/f2,836,1636975320
/home/toto/Tmp/f3,132,1636975320
/home/toto/Tmp/f1,196,1636975380
/home/toto/Tmp/f2,836,1636975380
/home/toto/Tmp/f3,132,1636975380
/home/toto/Tmp/f1,196,1636975440
/home/toto/Tmp/f2,836,1636975440
/home/toto/Tmp/f3,196,1636975440
/home/toto/Tmp/f1,196,1636975500
/home/toto/Tmp/f2,836,1636975500
/home/toto/Tmp/f3,196,1636975500
/home/toto/Tmp/f1,196,1636975560
/home/toto/Tmp/f2,836,1636975560
/home/toto/Tmp/f3,196,1636975560
/home/toto/Tmp/f1,260,1636975621
/home/toto/Tmp/f2,836,1636975621
/home/toto/Tmp/f3,260,1636975621
/home/toto/Tmp/f1,260,1636975680
/home/toto/Tmp/f2,900,1636975680
/home/toto/Tmp/f3,260,1636975680
/home/toto/Tmp/f1,260,1636975740
/home/toto/Tmp/f2,900,1636975740
/home/toto/Tmp/f3,260,1636975740
/home/toto/Tmp/f1,260,1636975800
/home/toto/Tmp/f2,900,1636975800
/home/toto/Tmp/f3,260,1636975800
/home/toto/Tmp/f1,324,1636975860
/home/toto/Tmp/f2,900,1636975860
/home/toto/Tmp/f3,324,1636975860
/home/toto/Tmp/f1,324,1636975920
/home/toto/Tmp/f2,900,1636975920
/home/toto/Tmp/f3,324,1636975920
/home/toto/Tmp/f1,324,1636975980
/home/toto/Tmp/f2,964,1636975980
/home/toto/Tmp/f3,324,1636975980
/home/toto/Tmp/f1,324,1636976040
/home/toto/Tmp/f2,964,1636976040
/home/toto/Tmp/f3,388,1636976040
/home/toto/Tmp/f1,388,1636976100
/home/toto/Tmp/f2,964,1636976100
/home/toto/Tmp/f3,388,1636976100
/home/toto/Tmp/f1,388,1636976160
/home/toto/Tmp/f2,1028,1636976160
/home/toto/Tmp/f3,388,1636976160
/home/toto/Tmp/f1,388,1636976220
/home/toto/Tmp/f2,1028,1636976220
/home/toto/Tmp/f3,388,1636976220
/home/toto/Tmp/f1,452,1636976280
/home/toto/Tmp/f2,1028,1636976280
/home/toto/Tmp/f3,388,1636976280
/home/toto/Tmp/f1,452,1636976340
/home/toto/Tmp/f2,1028,1636976340
/home/toto/Tmp/f3,452,1636976340
/home/toto/Tmp/f1,452,1636976400
/home/toto/Tmp/f2,1028,1636976400
/home/toto/Tmp/f3,452,1636976400
/home/toto/Tmp/f1,452,1636976461
/home/toto/Tmp/f2,2052,1636976461
/home/toto/Tmp/f3,452,1636976461
/home/toto/Tmp/f1,452,1636976520
/home/toto/Tmp/f2,2052,1636976520
/home/toto/Tmp/f3,452,1636976520
/home/toto/Tmp/f1,516,1636976580
/home/toto/Tmp/f2,2052,1636976580
/home/toto/Tmp/f3,516,1636976580
/home/toto/Tmp/f1,516,1636976640
/home/toto/Tmp/f2,2052,1636976640
/home/toto/Tmp/f3,516,1636976640
/home/toto/Tmp/f1,516,1636976700
/home/toto/Tmp/f2,2052,1636976700
/home/toto/Tmp/f3,516,1636976700
/home/toto/Tmp/f1,580,1636976760
/home/toto/Tmp/f2,2052,1636976760
/home/toto/Tmp/f3,516,1636976760
/home/toto/Tmp/f1,580,1636976820
/home/toto/Tmp/f2,2052,1636976820
/home/toto/Tmp/f3,516,1636976820
/home/toto/Tmp/f1,580,1636976880
/home/toto/Tmp/f2,2052,1636976880
/home/toto/Tmp/f3,580,1636976880
/home/toto/Tmp/f1,644,1636976940
/home/toto/Tmp/f2,2052,1636976940
/home/toto/Tmp/f3,580,1636976940
/home/toto/Tmp/f1,644,1636977000
/home/toto/Tmp/f2,2052,1636977000
/home/toto/Tmp/f3,580,1636977000
/home/toto/Tmp/f1,644,1636977060
/home/toto/Tmp/f2,2052,1636977060
/home/toto/Tmp/f3,580,1636977060
/home/toto/Tmp/f1,644,1636977120
/home/toto/Tmp/f2,2052,1636977120
/home/toto/Tmp/f3,644,1636977120
/home/toto/Tmp/f1,708,1636977180
/home/toto/Tmp/f2,2052,1636977180
/home/toto/Tmp/f3,644,1636977180
/home/toto/Tmp/f1,708,1636977240
/home/toto/Tmp/f2,2052,1636977240
/home/toto/Tmp/f3,644,1636977240
/home/toto/Tmp/f1,708,1636977300
/home/toto/Tmp/f2,2052,1636977300
/home/toto/Tmp/f3,644,1636977300
/home/toto/Tmp/f1,708,1636977361
/home/toto/Tmp/f2,2052,1636977361
/home/toto/Tmp/f3,644,1636977361
/home/toto/Tmp/f1,708,1636977420
/home/toto/Tmp/f2,2052,1636977420
/home/toto/Tmp/f3,708,1636977420
/home/toto/Tmp/f1,708,1636977480
/home/toto/Tmp/f2,2052,1636977480
/home/toto/Tmp/f3,708,1636977480
/home/toto/Tmp/f1,772,1636977540
/home/toto/Tmp/f2,2052,1636977540
/home/toto/Tmp/f3,708,1636977540
/home/toto/Tmp/f1,772,1636977600
/home/toto/Tmp/f2,2052,1636977600
/home/toto/Tmp/f3,708,1636977600
/home/toto/Tmp/f1,772,1636977660
/home/toto/Tmp/f2,2052,1636977660
/home/toto/Tmp/f3,772,1636977660
/home/toto/Tmp/f1,772,1636977721
/home/toto/Tmp/f2,2052,1636977721
/home/toto/Tmp/f3,772,1636977721